File Path,Line Number,Type,Label/Text,Frontend API,Backend Controller,Status
src/components/relation-graph/ThreeColumnLayout.tsx,419,Native Button,[Icon/Unknown],-,-,🔵 UI操作
src/components/relation-graph/ThreeColumnLayout.tsx,426,Native Button,[Icon/Unknown],-,-,🔵 UI操作
src/components/relation-graph/SimpleGraphView.tsx,170,Native Button,放大,-,-,🔵 UI操作
src/components/relation-graph/SimpleGraphView.tsx,173,Native Button,缩小,-,-,🔵 UI操作
src/components/relation-graph/SimpleGraphView.tsx,176,Native Button,重置,-,-,🔵 UI操作
src/components/Sidebar/NavNode.tsx,156,Native Button,[Icon/Unknown],-,-,🔵 UI操作
src/components/settings/LicenseSettings.tsx,130,Native Button,[Icon/Unknown],licenseApi.update,LicenseController.update,✅ 完整
src/components/settings/UserFondsScopeDrawer.tsx,108,Native Button,[Icon/Unknown],adminApi.getUserFondsScope,AdminUserController.getUserFondsScope,✅ 完整
src/components/settings/UserFondsScopeDrawer.tsx,116,Native Button,[Icon/Unknown],adminApi.updateUserFondsScope,AdminUserController.updateUserFondsScope,✅ 完整
src/components/settings/UserFondsScopeDrawer.tsx,142,Native Button,[Icon/Unknown],-,-,🔵 UI操作
src/components/settings/UserFondsScopeDrawer.tsx,168,Native Button,[Icon/Unknown],-,-,🔵 UI操作
src/components/settings/integration/IntegrationSettingsPage.tsx,148,AntD Button,[Icon/Unknown],-,-,🔵 打开对话框
src/components/settings/integration/components/ErpConfigCard.tsx,141,Native Button,[Icon/Unknown],erpApi.testConnection,ErpConfigController.testConnection,✅ 完整
src/components/settings/integration/components/ErpConfigCard.tsx,149,Native Button,[Icon/Unknown],erpApi.diagnose,ErpConfigController.diagnose,✅ 完整
src/components/settings/integration/components/ErpConfigCard.tsx,157,Native Button,[Icon/Unknown],-,-,⚠️ TODO:账务核对
src/components/settings/integration/components/ErpConfigCard.tsx,165,Native Button,[Icon/Unknown],-,-,⚠️ TODO:账务核对
src/components/settings/integration/components/ErpConfigCard.tsx,218,Native Button,[Icon/Unknown],-,-,🔵 UI操作
src/components/settings/integration/components/ErpConfigCard.tsx,253,Native Button,[Icon/Unknown],erpApi.deleteConfig,ErpConfigController.delete,✅ 完整
src/components/settings/integration/components/DiagnosisPanel.tsx,85,Native Button,[Icon/Unknown],-,-,🔵 UI操作
src/components/settings/integration/components/DiagnosisPanel.tsx,107,Native Button,[Icon/Unknown],-,-,🔵 UI操作
src/components/settings/integration/components/DiagnosisPanel.tsx,169,Native Button,[Icon/Unknown],erpApi.syncScenario,ErpScenarioController.triggerSync,✅ 完整
src/components/settings/integration/components/DiagnosisPanel.tsx,175,Native Button,[Icon/Unknown],-,-,🔵 UI操作
src/components/settings/integration/components/ParamsEditor.tsx,30,Native Button,[Icon/Unknown],-,-,🔵 UI操作
src/components/settings/integration/components/ParamsEditor.tsx,113,Native Button,[Icon/Unknown],erpApi.saveScenario,ErpScenarioController.save,✅ 完整
src/components/settings/integration/components/ParamsEditor.tsx,120,Native Button,[Icon/Unknown],-,-,🔵 UI操作
src/components/settings/integration/components/ScenarioDrawer.tsx,96,AntD Button,[Icon/Unknown],-,-,🔵 UI操作
src/components/settings/integration/components/ScenarioDrawer.tsx,133,AntD Button,[Icon/Unknown],erpApi.saveScenario,ErpScenarioController.save,✅ 完整
src/components/settings/integration/components/SalesOrderSyncPanel.tsx,68,AntD Button,[Icon/Unknown],salesOrderApi.sync,SalesOrderController.sync,✅ 完整
src/components/settings/integration/components/ConnectorForm.tsx,66,AntD Button,[Icon/Unknown],-,-,🔵 UI操作
src/components/settings/integration/components/ConnectorForm.tsx,83,AntD Button,[Icon/Unknown],-,-,🔵 UI操作
src/components/settings/integration/components/ConnectorForm.tsx,97,AntD Button,[Icon/Unknown],erpApi.saveConfig,ErpConfigController.save,✅ 完整
src/components/settings/integration/components/ConnectorForm.tsx,100,AntD Button,[Icon/Unknown],-,-,🔵 UI操作
src/components/settings/integration/components/ConnectorForm.tsx,216,AntD Button,[Icon/Unknown],erpApi.testConnection,ErpConfigController.testConnection,✅ 完整
src/components/settings/integration/components/ConnectorForm.tsx,329,AntD Button,[Icon/Unknown],-,-,🔵 UI操作
src/components/settings/integration/components/ConnectorForm.tsx,347,AntD Button,[Icon/Unknown],erpApi.saveConfig,ErpConfigController.save,✅ 完整
src/components/settings/integration/components/ScenarioCard.tsx,69,Native Button,[Icon/Unknown],-,-,🔵 UI操作
src/components/settings/integration/components/ScenarioCard.tsx,87,Native Button,[Icon/Unknown],-,-,🔵 UI操作
src/components/settings/integration/components/ScenarioCard.tsx,95,Native Button,[Icon/Unknown],erpApi.deleteScenario,ErpScenarioController.delete,✅ 完整
src/components/settings/BasicSettings.tsx,85,Native Button,[Icon/Unknown],systemConfigApi.save,SystemConfigController.save,✅ 完整
src/components/settings/UserSettings.tsx,354,Native Button,[Icon/Unknown],-,-,🔵 全选-本地状态
src/components/settings/UserSettings.tsx,422,Native Button,[Icon/Unknown],adminApi.createUser,AdminUserController.createUser,✅ 完整
src/components/settings/UserSettings.tsx,440,Native Button,[Icon/Unknown],adminApi.getUsers,AdminUserController.listPaged,✅ 完整
src/components/settings/UserSettings.tsx,493,Native Button,[Icon/Unknown],adminApi.getUserFondsScope,AdminUserController.getUserFondsScope,✅ 完整
src/components/settings/UserSettings.tsx,501,Native Button,[Icon/Unknown],adminApi.resetPassword,AdminUserController.resetPassword,✅ 完整
src/components/settings/UserSettings.tsx,509,Native Button,[Icon/Unknown],adminApi.toggleUserStatus,AdminUserController.updateStatus,✅ 完整
src/components/settings/UserSettings.tsx,517,Native Button,[Icon/Unknown],adminApi.toggleUserStatus,AdminUserController.updateStatus,✅ 完整
src/components/settings/UserSettings.tsx,540,Native Button,[Icon/Unknown],-,-,🔵 分页-本地状态
src/components/settings/UserSettings.tsx,547,Native Button,[Icon/Unknown],-,-,🔵 分页-本地状态
src/components/settings/SecuritySettings.tsx,94,Native Button,[Icon/Unknown],securityConfigApi.save,SystemConfigController.saveSecurity,✅ 完整
src/components/settings/RoleSettings.tsx,277,Native Button,[Icon/Unknown],-,-,🔵 UI操作
src/components/settings/RoleSettings.tsx,295,Native Button,[Icon/Unknown],adminApi.createRole,AdminRoleController.createRole,✅ 完整
src/components/settings/RoleSettings.tsx,345,Native Button,[Icon/Unknown],-,-,🔵 UI操作
src/components/settings/RoleSettings.tsx,352,Native Button,[Icon/Unknown],adminApi.deleteRole,AdminRoleController.deleteRole,✅ 完整
src/components/borrowing/BorrowApprovalDrawer.tsx,166,Native Button,[Icon/Unknown],-,-,🔵 UI操作
src/components/borrowing/BorrowApprovalDrawer.tsx,309,Native Button,[Icon/Unknown],borrowingApi.approveBorrowing,BorrowRequestController.approve,✅ 完整
src/components/borrowing/BorrowApprovalDrawer.tsx,351,Native Button,[Icon/Unknown],borrowingApi.userReturnArchive,BorrowRequestController.returnArchives,✅ 完整
src/components/borrowing/BorrowApprovalDrawer.tsx,363,Native Button,[Icon/Unknown],borrowingApi.approveBorrowing,BorrowRequestController.approve,✅ 完整
src/components/borrowing/BorrowApplicationDialog.tsx,161,Native Button,[Icon/Unknown],-,-,🔵 UI操作
src/components/borrowing/BorrowApplicationDialog.tsx,289,Native Button,[Icon/Unknown],-,-,🔵 UI操作
src/components/borrowing/BorrowApplicationDialog.tsx,296,Native Button,[Icon/Unknown],borrowingApi.createBorrowing,BorrowRequestController.submit,✅ 完整
src/components/auth/LoginCard.tsx,146,Native Button,[Icon/Unknown],-,-,🔵 UI操作
src/components/auth/LoginCard.tsx,157,Native Button,[Icon/Unknown],authApi.login,AuthController.login@POST /auth/login,✅ 完整
src/components/auth/LoginCard.tsx,175,Native Button,[Icon/Unknown],-,-,🔵 导航-产品官网
src/components/auth/LoginCard.tsx,185,Native Button,[Icon/Unknown],-,-,⚠️ 未实现-忘记密码
src/components/org/OrgTreePicker.tsx,229,Native Button,[Icon/Unknown],-,-,🔵 UI操作
src/components/org/OrgTreePicker.tsx,254,Native Button,[Icon/Unknown],-,-,🔵 UI操作
src/components/org/OrgTreePicker.tsx,260,Native Button,[Icon/Unknown],entityApi.getSelectedEntity,EntityController.getSelected,✅ 完整
src/components/org/OrgSelector.tsx,215,Native Button,[Icon/Unknown],-,-,🔵 UI操作
src/components/org/OrgSelector.tsx,226,Native Button,[Icon/Unknown],-,-,🔵 UI操作
src/components/org/OrgBreadcrumb.tsx,58,Native Button,[Icon/Unknown],-,-,🔵 UI操作
src/components/org/OrgBreadcrumb.tsx,73,Native Button,[Icon/Unknown],-,-,🔵 UI操作
src/components/org/OrgBreadcrumb.tsx,113,Native Button,[Icon/Unknown],-,-,🔵 UI操作
src/components/layout/ProfileDrawer.tsx,45,AntD Button,✕,-,-,🔵 UI操作
src/components/layout/ProfileDrawer.tsx,67,AntD Button,[Icon/Unknown],authApi.logout,AuthController.logout@POST /auth/logout,✅ 完整
src/components/modals/BaseModal.tsx,83,Native Button,[Icon/Unknown],-,-,🔵 回调函数
src/components/modals/ConfirmModal.tsx,71,Native Button,[Icon/Unknown],-,-,🔵 回调函数
src/components/modals/ConfirmModal.tsx,79,Native Button,[Icon/Unknown],-,-,🔵 回调函数
src/components/modals/__tests__/BaseModal.test.tsx,96,Native Button,Footer Button,-,-,🔵 测试组件
src/components/modals/DetailModal.tsx,41,Native Button,[Icon/Unknown],-,-,🔵 回调函数
src/components/modals/FormModal.tsx,32,Native Button,[Icon/Unknown],-,-,🔵 回调函数
src/components/modals/FormModal.tsx,40,Native Button,[Icon/Unknown],-,-,🔵 回调函数
src/components/scan/FolderMonitorDialog.tsx,164,Native Button,[Icon/Unknown],-,-,🔵 UI操作
src/components/scan/FolderMonitorDialog.tsx,237,Native Button,[Icon/Unknown],scanApi.addFolderMonitor,ScanFolderMonitorController.addFolderMonitor,✅ 完整
src/components/scan/FolderMonitorDialog.tsx,279,Native Button,[Icon/Unknown],scanApi.toggleFolderMonitor,ScanFolderMonitorController.toggleMonitor,✅ 完整
src/components/scan/FolderMonitorDialog.tsx,301,Native Button,[Icon/Unknown],scanApi.deleteFolderMonitor,ScanFolderMonitorController.deleteFolderMonitor,✅ 完整
src/components/scan/FolderMonitorDialog.tsx,330,Native Button,[Icon/Unknown],-,-,🔵 UI操作
src/components/operations/BatchResultModal.tsx,157,Native Button,[Icon/Unknown],-,-,🔵 回调函数
src/components/operations/BatchResultModal.tsx,168,Native Button,[Icon/Unknown],-,-,⚠️ 未实现-导出报告
src/components/operations/BatchResultModal.tsx,181,Native Button,[Icon/Unknown],-,-,🔵 回调函数
src/components/operations/BatchOperationBar.tsx,92,Native Button,[Icon/Unknown],-,-,🔵 本地状态
src/components/operations/BatchOperationBar.tsx,104,Native Button,[Icon/Unknown],-,-,🔵 父组件回调
src/components/operations/BatchOperationBar.tsx,124,Native Button,[Icon/Unknown],-,-,🔵 父组件回调
src/components/operations/BatchOperationBar.tsx,147,Native Button,[Icon/Unknown],-,-,🔵 本地状态
src/components/operations/BatchApprovalDialog.tsx,183,Native Button,[Icon/Unknown],-,-,🔵 回调函数
src/components/operations/BatchApprovalDialog.tsx,191,Native Button,[Icon/Unknown],-,-,🔵 回调函数
src/components/operations/BatchApprovalDialog.tsx,294,Native Button,[Icon/Unknown],-,-,🔵 回调函数
src/components/common/FilterModal.tsx,48,Native Button,[Icon/Unknown],-,-,🔵 回调函数
src/components/common/FilterModal.tsx,60,Native Button,[Icon/Unknown],-,-,🔵 回调函数
src/components/common/FilterModal.tsx,66,Native Button,[Icon/Unknown],-,-,🔵 回调函数
src/components/common/FondsSwitcher.tsx,103,Native Button,[Icon/Unknown],-,-,🔵 UI操作
src/components/common/FondsSwitcher.tsx,137,Native Button,[Icon/Unknown],-,-,🔵 UI操作
src/components/common/RouteErrorBoundary.tsx,25,Native Button,[Icon/Unknown],-,-,🔵 回调函数
src/components/common/FondsSwitcher/FondsDropdown.tsx,28,Native Button,[Icon/Unknown],-,-,🔵 UI操作
src/components/common/FondsSwitcher/FondsDropdown.tsx,62,Native Button,[Icon/Unknown],-,-,🔵 UI操作
src/components/common/OfdViewer.tsx,240,Native Button,[Icon/Unknown],-,-,🔵 UI操作
src/components/common/OfdViewer.tsx,298,Native Button,[Icon/Unknown],-,-,🔵 UI操作
src/components/common/RootErrorBoundary.tsx,203,Native Button,[Icon/Unknown],-,-,🔵 回调函数
src/components/common/RootErrorBoundary.tsx,211,Native Button,[Icon/Unknown],-,-,🔵 回调函数
src/components/common/ErrorBoundary.tsx,78,Native Button,[Icon/Unknown],-,-,🔵 回调函数
src/components/table/TablePreviewAction.tsx,54,Native Button,[Icon/Unknown],-,-,🔵 回调函数
src/components/table/TablePreviewAction.tsx,74,Native Button,[Icon/Unknown],-,-,🔵 回调函数
src/components/table/TableActions.tsx,86,Native Button,[Icon/Unknown],-,-,🔵 回调函数
src/components/table/TableActions.tsx,113,Native Button,[Icon/Unknown],-,-,🔵 回调函数
src/components/table/TableActions.tsx,126,Native Button,[Icon/Unknown],-,-,🔵 回调函数
src/components/table/TableFilters.tsx,107,Native Button,[Icon/Unknown],-,-,🔵 回调函数
src/components/table/TableFilters.tsx,138,Native Button,[Icon/Unknown],-,-,🔵 回调函数
src/components/table/TableFilters.tsx,146,Native Button,[Icon/Unknown],-,-,🔵 回调函数
src/components/voucher/OriginalDocumentPreview.tsx,268,Native Button,[Icon/Unknown],-,-,🔵 回调函数
src/components/voucher/OriginalDocumentPreview.tsx,311,Native Button,[Icon/Unknown],-,-,🔵 回调函数
src/components/voucher/OriginalDocumentPreview.tsx,347,Native Button,[Icon/Unknown],-,-,🔵 回调函数
src/components/voucher/OriginalDocumentPreview.tsx,360,Native Button,[Icon/Unknown],-,-,🔵 回调函数
src/components/preview/SmartFilePreview.tsx,134,Native Button,[Icon/Unknown],-,-,🔵 回调函数
src/components/preview/SmartFilePreview.tsx,202,Native Button,[Icon/Unknown],-,-,🔵 回调函数
src/components/preview/SmartFilePreview.tsx,242,Native Button,[Icon/Unknown],-,-,🔵 回调函数
src/components/preview/SmartFilePreview.tsx,251,Native Button,[Icon/Unknown],-,-,🔵 回调函数
src/components/preview/SmartFilePreview.tsx,260,Native Button,[Icon/Unknown],-,-,🔵 回调函数
src/components/preview/SmartFilePreview.tsx,267,Native Button,[Icon/Unknown],-,-,🔵 回调函数
src/components/preview/SmartFilePreview.tsx,279,Native Button,[Icon/Unknown],-,-,🔵 回调函数
src/components/preview/SmartFilePreview.tsx,292,Native Button,[Icon/Unknown],-,-,🔵 回调函数
src/components/preview/SmartFilePreview.tsx,300,Native Button,[Icon/Unknown],-,-,🔵 回调函数
src/components/preview/PreviewToolbar.tsx,101,Native Button,[Icon/Unknown],-,-,🔵 UI操作
src/components/preview/PreviewToolbar.tsx,109,Native Button,[Icon/Unknown],-,-,🔵 UI操作
src/components/preview/PreviewToolbar.tsx,116,Native Button,[Icon/Unknown],-,-,🔵 UI操作
src/components/preview/PreviewToolbar.tsx,126,Native Button,[Icon/Unknown],-,-,🔵 回调函数
src/components/preview/PreviewToolbar.tsx,136,Native Button,[Icon/Unknown],-,-,🔵 回调函数
src/components/preview/PreviewToolbar.tsx,147,Native Button,[Icon/Unknown],-,-,🔵 回调函数
src/components/preview/PreviewToolbar.tsx,158,Native Button,[Icon/Unknown],-,-,🔵 回调函数
src/components/Sidebar.tsx,149,Native Button,[Icon/Unknown],-,-,🔵 UI操作
src/components/pool-dashboard/DashboardCard.tsx,72,Native Button,[Icon/Unknown],-,-,🔵 导航
src/components/pool-dashboard/PoolDashboard.tsx,144,Native Button,[Icon/Unknown],-,-,🔵 UI操作
src/components/pool-dashboard/PoolDashboard.tsx,160,Native Button,[Icon/Unknown],-,-,🔵 UI操作
src/components/pool-kanban/KanbanCard.tsx,111,AntD Button,[Icon/Unknown],-,-,🔵 UI操作
src/components/pool-kanban/KanbanCard.tsx,121,AntD Button,[Icon/Unknown],-,-,🔵 UI操作
src/components/pool-kanban/KanbanCard.tsx,134,Native Button,[Icon/Unknown],poolApi.delete,❌ PoolController缺少DELETE端点,❌ 缺失后端
src/components/pool-kanban/CollapsedColumn.tsx,43,Native Button,[Icon/Unknown],-,-,🔵 UI操作
src/components/pool-kanban/BatchActionBar.tsx,59,AntD Button,[Icon/Unknown],-,-,🔵 本地状态
src/components/pool-kanban/BatchActionBar.tsx,64,AntD Button,[Icon/Unknown],poolApi.archiveItems,PoolController.submitBatchForArchival,✅ 完整
src/components/pool-kanban/BatchActionBar.tsx,74,AntD Button,[Icon/Unknown],poolApi.checkBatch,PoolController.checkBatchFiles,✅ 完整
src/components/pool-kanban/PoolKanbanView.tsx,166,AntD Button,[Icon/Unknown],-,-,🔵 UI操作
src/components/pool-kanban/PoolKanbanView.tsx,169,AntD Button,[Icon/Unknown],-,-,🔵 UI操作
src/components/pool-kanban/PoolKanbanView.tsx,172,AntD Button,[Icon/Unknown],-,-,🔵 UI操作
src/components/pool-kanban/PoolKanbanView.tsx,175,AntD Button,[Icon/Unknown],-,-,🔵 UI操作
src/components/pool-kanban/PoolKanbanView.tsx,183,AntD Button,[Icon/Unknown],-,-,🔵 UI操作
src/components/pool-kanban/PoolKanbanView.tsx,191,AntD Button,[Icon/Unknown],-,-,🔵 UI操作
src/components/pool-kanban/PoolKanbanView.tsx,401,Native Button,重试,-,-,🔵 回调函数
src/components/pool-kanban/KanbanColumn.test.tsx,40,Native Button,select,-,-,🔵 测试组件
src/components/pool-kanban/KanbanColumn.test.tsx,41,Native Button,view,-,-,🔵 测试组件
src/components/pool-kanban/__tests__/PoolKanbanView.test.tsx,14,Native Button,[Icon/Unknown],-,-,🔵 测试组件
src/components/pool-kanban/__tests__/PoolKanbanView.test.tsx,71,Native Button,[Icon/Unknown],-,-,🔵 测试组件
src/components/pool-kanban/__tests__/PoolKanbanView.test.tsx,88,Native Button,展开,-,-,🔵 测试组件
src/components/pool-kanban/__tests__/PoolKanbanView.test.tsx,100,Native Button,取消,-,-,🔵 测试组件
src/components/pool-kanban/__tests__/PoolKanbanView.test.tsx,101,Native Button,执行,-,-,🔵 测试组件
src/components/pool-kanban/__tests__/PoolKanbanView.test.tsx,113,Native Button,关闭,-,-,🔵 测试组件
src/components/GlobalSearch/SearchResults.tsx,25,Native Button,[Icon/Unknown],-,-,🔵 回调函数
src/pages/matching/VoucherMatchingView.tsx,298,AntD Button,[Icon/Unknown],-,-,🔵 UI操作
src/pages/matching/VoucherMatchingView.tsx,371,AntD Button,[Icon/Unknown],yonsuiteApi.queryVoucherAttachments,GenericYonSuiteController,✅ 完整
src/pages/matching/VoucherMatchingView.tsx,445,AntD Button,[Icon/Unknown],-,-,🔵 UI操作
src/pages/matching/VoucherMatchingView.tsx,475,AntD Button,[Icon/Unknown],-,-,🔵 UI操作
src/pages/matching/VoucherMatchingView.tsx,523,AntD Button,[Icon/Unknown],matchingApi.executeMatch,VoucherMatchingController.executeMatch,✅ 完整
src/pages/matching/OnboardingWizard.tsx,90,AntD Button,[Icon/Unknown],matchingApi.scanData,❌ VoucherMatchingController缺少scanData,❌ 缺失后端
src/pages/matching/OnboardingWizard.tsx,135,AntD Button,[Icon/Unknown],matchingApi.applyPreset,❌ VoucherMatchingController缺少applyPreset,❌ 缺失后端
src/pages/matching/OnboardingWizard.tsx,164,AntD Button,[Icon/Unknown],matchingApi.confirmMappings,❌ VoucherMatchingController缺少confirmMappings,❌ 缺失后端
src/pages/matching/OnboardingWizard.tsx,185,AntD Button,[Icon/Unknown],-,-,🔵 回调函数
src/pages/matching/ComplianceReport.tsx,151,AntD Button,补证,-,-,🔵 回调函数
src/pages/matching/ComplianceReport.tsx,173,AntD Button,[Icon/Unknown],-,-,🔵 回调函数
src/pages/matching/ComplianceReport.tsx,180,AntD Button,[Icon/Unknown],matchingApi.exportMissingDocs,❌ VoucherMatchingController缺少export,❌ 缺失后端
src/pages/pre-archive/LedgersPreArchiveView.tsx,33,Native Button,[Icon/Unknown],-,-,🔵 导航
src/pages/pre-archive/LedgersPreArchiveView.tsx,42,Native Button,[Icon/Unknown],-,-,🔵 导航
src/pages/pre-archive/AbnormalDataView.tsx,118,Native Button,[Icon/Unknown],abnormalApi.retry,AbnormalVoucherController.retry,✅ 完整
src/pages/pre-archive/AbnormalDataView.tsx,124,Native Button,[Icon/Unknown],-,-,🔵 打开对话框
src/pages/pre-archive/ReportsPreArchiveView.tsx,33,Native Button,[Icon/Unknown],-,-,🔵 导航
src/pages/pre-archive/ReportsPreArchiveView.tsx,42,Native Button,[Icon/Unknown],-,-,🔵 导航
src/pages/pre-archive/OtherAccountingMaterialsView.tsx,36,Native Button,[Icon/Unknown],-,-,🔵 导航
src/pages/pre-archive/OtherAccountingMaterialsView.tsx,45,Native Button,[Icon/Unknown],-,-,🔵 导航
src/pages/pre-archive/PoolPage.tsx,35,Native Button,[Icon/Unknown],-,-,🔵 UI操作
src/pages/pre-archive/PoolPage.tsx,44,Native Button,[Icon/Unknown],-,-,🔵 UI操作
src/pages/pre-archive/components/AbnormalEditModal.tsx,76,Native Button,[Icon/Unknown],-,-,🔵 回调函数
src/pages/pre-archive/components/AbnormalEditModal.tsx,115,Native Button,[Icon/Unknown],abnormalApi.update,AbnormalVoucherController.update,✅ 完整
src/pages/pre-archive/components/AbnormalEditModal.tsx,122,Native Button,[Icon/Unknown],-,-,🔵 回调函数
src/pages/pre-archive/__tests__/PoolPage.test.tsx,31,Native Button,Clear Filter,-,-,🔵 测试组件
src/pages/pre-archive/OCRProcessingView.tsx,397,Native Button,[Icon/Unknown],scanApi.createSession,ScanWorkspaceController.createMobileSession,✅ 完整
src/pages/pre-archive/OCRProcessingView.tsx,418,Native Button,[Icon/Unknown],-,-,🔵 打开对话框
src/pages/pre-archive/OCRProcessingView.tsx,512,Native Button,重新识别,scanApi.ocr,ScanWorkspaceController.ocr,✅ 完整
src/pages/pre-archive/OCRProcessingView.tsx,513,Native Button,查看原件,-,-,🔵 打开预览
src/pages/pre-archive/OCRProcessingView.tsx,620,Native Button,[Icon/Unknown],scanApi.submit,ScanWorkspaceController.submitToPreArchive,✅ 完整
src/pages/pre-archive/OCRProcessingView.tsx,649,Native Button,[Icon/Unknown],-,-,🔵 UI操作
src/pages/pre-archive/OCRProcessingView.tsx,700,Native Button,[Icon/Unknown],-,-,🔵 UI操作
src/pages/settings/RoleSettingsPage.tsx,32,Native Button,[Icon/Unknown],-,-,🔵 Tab切换
src/pages/settings/MfaSettingsPage.tsx,197,Native Button,[Icon/Unknown],mfaApi.setup,❌ MfaController不存在,❌ 缺失后端
src/pages/settings/MfaSettingsPage.tsx,226,Native Button,[Icon/Unknown],mfaApi.verify,❌ MfaController不存在,❌ 缺失后端
src/pages/settings/MfaSettingsPage.tsx,238,Native Button,[Icon/Unknown],mfaApi.getBackupCodes,❌ MfaController不存在,❌ 缺失后端
src/pages/settings/MfaSettingsPage.tsx,244,Native Button,[Icon/Unknown],-,-,🔵 剪贴板
src/pages/settings/MfaSettingsPage.tsx,294,Native Button,[Icon/Unknown],mfaApi.disable,❌ MfaController不存在,❌ 缺失后端
src/pages/settings/MfaSettingsPage.tsx,321,Native Button,[Icon/Unknown],mfaApi.verify,❌ MfaController不存在,❌ 缺失后端
src/pages/settings/MfaSettingsPage.tsx,343,Native Button,[Icon/Unknown],-,-,🔵 剪贴板
src/pages/settings/MfaSettingsPage.tsx,350,Native Button,[Icon/Unknown],-,-,🔵 文件下载
src/pages/settings/MfaSettingsPage.tsx,357,Native Button,[Icon/Unknown],-,-,🔵 window.print
src/pages/settings/UserSettingsPage.tsx,32,Native Button,[Icon/Unknown],-,-,🔵 Tab切换
src/pages/settings/AuditLogView.tsx,103,Native Button,[Icon/Unknown],auditApi.list,AuditLogController.list,✅ 完整
src/pages/settings/AuditLogView.tsx,133,Native Button,[Icon/Unknown],-,-,🔵 UI操作
src/pages/settings/AuditLogView.tsx,139,Native Button,[Icon/Unknown],auditApi.export,AuditLogController.export,✅ 完整
src/pages/settings/AuditLogView.tsx,172,Native Button,[Icon/Unknown],-,-,🔵 UI操作
src/pages/settings/AuditLogView.tsx,205,Native Button,[Icon/Unknown],-,-,🔵 分页
src/pages/settings/AuditLogView.tsx,210,Native Button,[Icon/Unknown],-,-,🔵 分页
src/pages/settings/AuditLogView.tsx,236,Native Button,[Icon/Unknown],auditApi.verifyChain,AuditLogVerificationController.verifyChain,✅ 完整
src/pages/settings/ErpPreviewPage.tsx,133,Native Button,[Icon/Unknown],-,-,🔵 UI操作
src/pages/settings/ErpPreviewPage.tsx,147,Native Button,[Icon/Unknown],-,-,🔵 UI操作
src/pages/settings/ErpPreviewPage.tsx,272,Native Button,[Icon/Unknown],-,-,🔵 回调函数
src/pages/settings/ErpPreviewPage.tsx,289,Native Button,[Icon/Unknown],-,-,🔵 回调函数
src/pages/settings/ErpPreviewPage.tsx,308,Native Button,[Icon/Unknown],-,-,🔵 回调函数
src/pages/collection/BatchUploadView.tsx,382,Native Button,[Icon/Unknown],-,-,🔵 导航
src/pages/collection/BatchUploadView.tsx,530,AntD Button,[Icon/Unknown],-,-,🔵 UI操作
src/pages/collection/BatchUploadView.tsx,559,AntD Button,[Icon/Unknown],-,-,🔵 UI操作
src/pages/collection/BatchUploadView.tsx,563,AntD Button,[Icon/Unknown],batchUploadApi.createBatch,CollectionBatchController.createBatch,✅ 完整
src/pages/collection/BatchUploadView.tsx,579,AntD Button,取消,-,-,🔵 UI操作
src/pages/collection/BatchUploadView.tsx,580,AntD Button,[Icon/Unknown],-,-,🔵 回调函数
src/pages/collection/BatchUploadView.tsx,599,Native Button,[Icon/Unknown],-,-,🔵 UI操作
src/pages/collection/BatchUploadView.tsx,617,AntD Button,[Icon/Unknown],batchUploadApi.completeBatch,CollectionBatchController.completeBatch,✅ 完整
src/pages/collection/BatchUploadView.tsx,623,AntD Button,[Icon/Unknown],-,-,🔵 UI操作
src/pages/collection/BatchUploadView.tsx,780,AntD Button,[Icon/Unknown],-,-,🔵 UI操作
src/pages/collection/BatchUploadView.tsx,789,AntD Button,[Icon/Unknown],batchUploadApi.runFourNatureCheck,CollectionBatchController.runFourNatureCheck,✅ 完整
src/pages/collection/BatchUploadView.tsx,792,AntD Button,[Icon/Unknown],batchUploadApi.cancelBatch,CollectionBatchController.cancelBatch,✅ 完整
src/pages/collection/FourNatureReportView.tsx,149,Native Button,[Icon/Unknown],-,-,🔵 回调函数
src/pages/collection/FourNatureReportView.tsx,223,Native Button,[Icon/Unknown],-,-,🔵 window.print
src/pages/collection/FourNatureReportView.tsx,226,Native Button,[Icon/Unknown],-,-,🔵 回调函数
src/pages/collection/OnlineReceptionView.tsx,224,Native Button,[Icon/Unknown],-,-,🔵 打开对话框
src/pages/collection/OnlineReceptionView.tsx,292,Native Button,[Icon/Unknown],erpApi.syncScenario,ErpScenarioController.triggerSync,✅ 完整
src/pages/collection/OnlineReceptionView.tsx,293,Native Button,[Icon/Unknown],-,-,🔵 alert
src/pages/collection/OnlineReceptionView.tsx,294,Native Button,[Icon/Unknown],-,-,⚠️ 未实现
src/pages/collection/OnlineReceptionView.tsx,350,Native Button,[Icon/Unknown],-,-,🔵 UI操作
src/pages/collection/OnlineReceptionView.tsx,357,Native Button,[Icon/Unknown],erpApi.syncScenario,ErpScenarioController.triggerSync,✅ 完整
src/pages/collection/OnlineReceptionView.tsx,391,Native Button,取消,-,-,🔵 UI操作
src/pages/collection/OnlineReceptionView.tsx,392,Native Button,确认,-,-,🔵 回调函数
src/pages/portal/Dashboard.tsx,146,Native Button,[Icon/Unknown],-,-,🔵 导航
src/pages/portal/Dashboard.tsx,218,Native Button,[Icon/Unknown],-,-,🔵 导航
src/pages/portal/Dashboard.tsx,248,Native Button,[Icon/Unknown],-,-,🔵 回调函数
src/pages/quality/QualityView.tsx,62,Native Button,[Icon/Unknown],-,-,🔵 window.location.reload
src/pages/quality/QualityView.tsx,96,Native Button,[Icon/Unknown],-,-,🔵 客户端导出
src/pages/quality/QualityView.tsx,103,Native Button,[Icon/Unknown],-,-,🔵 window.location.reload
src/pages/security/AuthTicketListPage.tsx,211,Native Button,[Icon/Unknown],-,-,🔵 导航
src/pages/security/AuthTicketListPage.tsx,312,Native Button,[Icon/Unknown],authTicketApi.list,❌ AuthTicketController缺少list端点,❌ 缺失后端
src/pages/security/AuthTicketListPage.tsx,322,Native Button,[Icon/Unknown],authTicketApi.getDetail,AuthTicketController.getAuthTicketDetail,✅ 完整
src/pages/security/AuthTicketListPage.tsx,331,Native Button,[Icon/Unknown],authTicketApi.firstApproval,AuthTicketController.firstApproval,✅ 完整
src/pages/security/AuthTicketListPage.tsx,342,Native Button,[Icon/Unknown],authTicketApi.secondApproval,AuthTicketController.secondApproval,✅ 完整
src/pages/security/AuthTicketListPage.tsx,364,Native Button,[Icon/Unknown],-,-,🔵 分页
src/pages/security/AuthTicketListPage.tsx,371,Native Button,[Icon/Unknown],-,-,🔵 分页
src/pages/security/AuthTicketListPage.tsx,389,Native Button,[Icon/Unknown],authTicketApi.revoke,AuthTicketController.revokeAuthTicket,✅ 完整
src/pages/security/AuthTicketListPage.tsx,494,Native Button,[Icon/Unknown],-,-,🔵 UI操作
src/pages/security/AuthTicketListPage.tsx,502,Native Button,[Icon/Unknown],authTicketApi.firstApproval,AuthTicketController.firstApproval,✅ 完整
src/pages/security/AuthTicketApplyPage.tsx,115,Native Button,[Icon/Unknown],-,-,🔵 导航
src/pages/security/AuthTicketApplyPage.tsx,265,Native Button,[Icon/Unknown],authTicketApi.apply,AuthTicketController.createAuthTicket,✅ 完整
src/pages/Auth/MfaVerifyPage.tsx,138,Native Button,[Icon/Unknown],mfaApi.verify,❌ MfaController不存在,❌ 缺失后端
src/pages/Auth/MfaVerifyPage.tsx,157,Native Button,[Icon/Unknown],-,-,🔵 导航
src/pages/Auth/LoginView.tsx,195,Native Button,[Icon/Unknown],authApi.login,AuthController.login@POST /auth/login,✅ 完整
src/pages/Auth/LoginView.tsx,211,Native Button,[Icon/Unknown],-,-,🔵 导航
src/pages/Auth/LoginView.tsx,220,Native Button,[Icon/Unknown],-,-,⚠️ 未实现-忘记密码
src/pages/admin/AccessReviewPage.tsx,131,Native Button,[Icon/Unknown],userLifecycleApi.getReviewTasks,❌ AccessReviewController不存在,❌ 缺失后端
src/pages/admin/AccessReviewPage.tsx,201,Native Button,[Icon/Unknown],userLifecycleApi.executeReview,❌ AccessReviewController不存在,❌ 缺失后端
src/pages/admin/AccessReviewPage.tsx,210,Native Button,[Icon/Unknown],-,-,🔵 UI操作
src/pages/admin/AccessReviewPage.tsx,229,Native Button,[Icon/Unknown],-,-,🔵 分页
src/pages/admin/AccessReviewPage.tsx,236,Native Button,[Icon/Unknown],-,-,🔵 分页
src/pages/admin/AccessReviewPage.tsx,255,Native Button,[Icon/Unknown],userLifecycleApi.getReviewTasks,❌ AccessReviewController不存在,❌ 缺失后端
src/pages/admin/AccessReviewPage.tsx,355,Native Button,[Icon/Unknown],userLifecycleApi.executeReview,❌ AccessReviewController不存在,❌ 缺失后端
src/pages/admin/AccessReviewPage.tsx,367,Native Button,[Icon/Unknown],-,-,🔵 UI操作
src/pages/admin/LegacyImportPage/index.tsx,310,Native Button,[Icon/Unknown],-,-,🔵 UI操作
src/pages/admin/LegacyImportPage/components/HistoryTab.tsx,117,Native Button,[Icon/Unknown],legacyImportApi.getHistory,LegacyImportController.getHistory,✅ 完整
src/pages/admin/LegacyImportPage/components/HistoryTab.tsx,209,Native Button,[Icon/Unknown],-,-,🔵 UI操作
src/pages/admin/LegacyImportPage/components/HistoryTab.tsx,247,Native Button,[Icon/Unknown],legacyImportApi.download,LegacyImportController.downloadFile,✅ 完整
src/pages/admin/LegacyImportPage/components/HistoryTab.tsx,255,Native Button,[Icon/Unknown],legacyImportApi.delete,LegacyImportController.delete,✅ 完整
src/pages/admin/LegacyImportPage/components/ImportTab.tsx,168,Native Button,[Icon/Unknown],-,-,🔵 UI操作
src/pages/admin/LegacyImportPage/components/ImportTab.tsx,273,Native Button,[Icon/Unknown],legacyImportApi.create,LegacyImportController.create,✅ 完整
src/pages/admin/LegacyImportPage/components/ImportTab.tsx,281,Native Button,[Icon/Unknown],-,-,🔵 UI操作
src/pages/admin/LegacyImportPage/components/ImportTab.tsx,455,Native Button,[Icon/Unknown],legacyImportApi.start,LegacyImportController.start,✅ 完整
src/pages/admin/LegacyImportPage/components/FileUploader.tsx,146,Native Button,[Icon/Unknown],-,-,🔵 UI操作
src/pages/admin/LegacyImportPage/components/FileUploader.tsx,160,Native Button,[Icon/Unknown],-,-,🔵 UI操作
src/pages/admin/LegacyImportPage/components/FileUploader.tsx,175,Native Button,[Icon/Unknown],-,-,🔵 UI操作
src/pages/admin/EntityConfigPage.tsx,174,Native Button,[Icon/Unknown],entityConfigApi.saveOrUpdate,EntityConfigController.saveOrUpdateConfig,✅ 完整
src/pages/admin/EntityConfigPage.tsx,207,Native Button,[Icon/Unknown],-,-,🔵 UI操作
src/pages/admin/EntityConfigPage.tsx,229,Native Button,[Icon/Unknown],-,-,🔵 UI操作
src/pages/admin/EntityConfigPage.tsx,276,Native Button,[Icon/Unknown],entityConfigApi.saveOrUpdate,EntityConfigController.saveOrUpdateConfig,✅ 完整
src/pages/admin/EntityConfigPage.tsx,282,Native Button,[Icon/Unknown],entityConfigApi.delete,EntityConfigController.deleteConfigsByEntityIdAndType,✅ 完整
src/pages/admin/EntityConfigPage.tsx,315,Native Button,[Icon/Unknown],-,-,🔵 UI操作
src/pages/admin/EntityConfigPage.tsx,395,Native Button,[Icon/Unknown],entityConfigApi.saveOrUpdate,EntityConfigController.saveOrUpdateConfig,✅ 完整
src/pages/admin/EntityConfigPage.tsx,403,Native Button,[Icon/Unknown],-,-,🔵 UI操作
src/pages/admin/FondsHistoryPage.tsx,219,Native Button,[Icon/Unknown],-,-,🔵 UI操作
src/pages/admin/FondsHistoryPage.tsx,231,Native Button,[Icon/Unknown],-,-,🔵 UI操作
src/pages/admin/FondsHistoryPage.tsx,242,Native Button,[Icon/Unknown],-,-,🔵 UI操作
src/pages/admin/FondsHistoryPage.tsx,253,Native Button,[Icon/Unknown],-,-,🔵 UI操作
src/pages/admin/FondsHistoryPage.tsx,264,Native Button,[Icon/Unknown],-,-,🔵 UI操作
src/pages/admin/FondsHistoryPage.tsx,350,Native Button,[Icon/Unknown],fondsHistoryApi.migrate,FondsHistoryController.migrateFonds,✅ 完整
src/pages/admin/FondsHistoryPage.tsx,430,Native Button,[Icon/Unknown],fondsHistoryApi.merge,FondsHistoryController.mergeFonds,✅ 完整
src/pages/admin/FondsHistoryPage.tsx,481,Native Button,[Icon/Unknown],fondsHistoryApi.split,FondsHistoryController.splitFonds,✅ 完整
src/pages/admin/FondsHistoryPage.tsx,494,Native Button,[Icon/Unknown],fondsHistoryApi.rename,FondsHistoryController.renameFonds,✅ 完整
src/pages/admin/FondsHistoryPage.tsx,527,Native Button,[Icon/Unknown],-,-,🔵 UI操作
src/pages/admin/FondsHistoryPage.tsx,597,Native Button,[Icon/Unknown],-,-,🔵 UI操作
src/pages/admin/FondsManagement.tsx,144,Native Button,[Icon/Unknown],fondsApi.save,BasFondsController.save,✅ 完整
src/pages/admin/FondsManagement.tsx,195,Native Button,[Icon/Unknown],fondsApi.update,BasFondsController.update,✅ 完整
src/pages/admin/FondsManagement.tsx,202,Native Button,[Icon/Unknown],fondsApi.remove,BasFondsController.remove,✅ 完整
src/pages/admin/FondsManagement.tsx,224,Native Button,×,-,-,🔵 UI操作
src/pages/admin/FondsManagement.tsx,300,Native Button,[Icon/Unknown],-,-,🔵 UI操作
src/pages/admin/FondsManagement.tsx,307,Native Button,[Icon/Unknown],-,-,🔵 UI操作
src/pages/admin/AdminLayout.tsx,44,Native Button,[Icon/Unknown],-,-,🔵 导航
src/pages/admin/AdminLayout.tsx,50,Native Button,[Icon/Unknown],-,-,🔵 导航
src/pages/admin/AdminLayout.tsx,56,Native Button,[Icon/Unknown],-,-,🔵 导航
src/pages/admin/AdminLayout.tsx,62,Native Button,[Icon/Unknown],-,-,🔵 导航
src/pages/admin/AdminLayout.tsx,68,Native Button,[Icon/Unknown],-,-,🔵 导航
src/pages/admin/AdminLayout.tsx,74,Native Button,[Icon/Unknown],-,-,🔵 导航
src/pages/admin/AdminLayout.tsx,85,Native Button,退出管理,authApi.logout,AuthController.logout@POST /auth/logout,✅ 完整
src/pages/admin/EntityManagementPage.tsx,84,Native Button,[Icon/Unknown],adminApi.syncOrgFromErp,AdminOrgController.syncFromErp,✅ 完整
src/pages/admin/EntityManagementPage.tsx,96,Native Button,[Icon/Unknown],entityApi.save,EntityController.save,✅ 完整
src/pages/admin/EntityManagementPage.tsx,383,Native Button,[Icon/Unknown],adminApi.syncOrgFromErp,AdminOrgController.syncFromErp,✅ 完整
src/pages/admin/EntityManagementPage.tsx,391,Native Button,[Icon/Unknown],entityApi.save,EntityController.save,✅ 完整
src/pages/admin/EntityManagementPage.tsx,415,Native Button,[Icon/Unknown],entityApi.update,EntityController.update,✅ 完整
src/pages/admin/EntityManagementPage.tsx,434,Native Button,[Icon/Unknown],entityApi.save,EntityController.save,✅ 完整
src/pages/admin/EntityManagementPage.tsx,470,Native Button,[Icon/Unknown],entityApi.remove,EntityController.remove,✅ 完整
src/pages/admin/EntityManagementPage.tsx,579,Native Button,[Icon/Unknown],-,-,🔵 分页
src/pages/admin/EntityManagementPage.tsx,587,Native Button,[Icon/Unknown],-,-,🔵 分页
src/pages/admin/PositionManagement.tsx,103,Native Button,[Icon/Unknown],adminApi.createPosition,PositionController.create,✅ 完整
src/pages/admin/PositionManagement.tsx,151,Native Button,[Icon/Unknown],adminApi.updatePosition,PositionController.update,✅ 完整
src/pages/admin/PositionManagement.tsx,154,Native Button,[Icon/Unknown],adminApi.deletePosition,PositionController.delete,✅ 完整
src/pages/admin/PositionManagement.tsx,170,Native Button,✕,-,-,🔵 UI操作
src/pages/admin/PositionManagement.tsx,221,Native Button,取消,-,-,🔵 UI操作
src/pages/admin/PositionManagement.tsx,222,Native Button,[Icon/Unknown],adminApi.createPosition,PositionController.create,✅ 完整
src/pages/admin/UserLifecyclePage.tsx,199,Native Button,[Icon/Unknown],userLifecycleApi.onboard,❌ UserLifecycleController不存在,❌ 缺失后端
src/pages/admin/UserLifecyclePage.tsx,211,Native Button,[Icon/Unknown],userLifecycleApi.offboard,❌ UserLifecycleController不存在,❌ 缺失后端
src/pages/admin/UserLifecyclePage.tsx,222,Native Button,[Icon/Unknown],userLifecycleApi.transfer,❌ UserLifecycleController不存在,❌ 缺失后端
src/pages/admin/UserLifecyclePage.tsx,233,Native Button,[Icon/Unknown],-,-,🔵 打开对话框
src/pages/admin/UserLifecyclePage.tsx,309,Native Button,[Icon/Unknown],userLifecycleApi.onboard,❌ UserLifecycleController不存在,❌ 缺失后端
src/pages/admin/UserLifecyclePage.tsx,360,Native Button,[Icon/Unknown],userLifecycleApi.offboard,❌ UserLifecycleController不存在,❌ 缺失后端
src/pages/admin/UserLifecyclePage.tsx,445,Native Button,[Icon/Unknown],userLifecycleApi.transfer,❌ UserLifecycleController不存在,❌ 缺失后端
src/pages/admin/FondsHistoryListPage.tsx,120,Native Button,[Icon/Unknown],fondsHistoryApi.getHistory,FondsHistoryController.getFondsHistory,✅ 完整
src/pages/admin/EnterpriseArchitecturePage.tsx,137,Native Button,[Icon/Unknown],adminApi.syncOrgFromErp,AdminOrgController.syncFromErp,✅ 完整
src/pages/ActivationPage.tsx,35,Native Button,[Icon/Unknown],licenseApi.activate,LicenseController.activate,✅ 完整
src/pages/archives/OriginalVoucherListView.tsx,279,Native Button,[Icon/Unknown],originalVoucherApi.list,OriginalVoucherController.list,✅ 完整
src/pages/archives/OriginalVoucherListView.tsx,286,Native Button,[Icon/Unknown],-,-,🔵 UI操作
src/pages/archives/OriginalVoucherListView.tsx,335,Native Button,[Icon/Unknown],-,-,🔵 回调函数
src/pages/archives/OriginalVoucherListView.tsx,437,Native Button,[Icon/Unknown],-,-,🔵 回调函数
src/pages/archives/OriginalVoucherListView.tsx,455,Native Button,[Icon/Unknown],-,-,🔵 分页
src/pages/archives/OriginalVoucherListView.tsx,465,Native Button,[Icon/Unknown],-,-,🔵 分页
src/pages/archives/ArchiveDetailPage.tsx,153,Native Button,[Icon/Unknown],-,-,🔵 导航
src/pages/archives/ComplianceReportView.tsx,116,Native Button,返回,-,-,🔵 导航
src/pages/archives/ComplianceReportView.tsx,128,Native Button,[Icon/Unknown],complianceApi.getComplianceReport,ComplianceController.getComplianceReport,✅ 完整
src/pages/archives/ComplianceReportView.tsx,140,Native Button,[Icon/Unknown],complianceApi.getComplianceReport,ComplianceController.getComplianceReport,✅ 完整
src/pages/archives/ComplianceReportView.tsx,147,Native Button,[Icon/Unknown],complianceApi.getComplianceReport,ComplianceController.getComplianceReport,✅ 完整
src/pages/archives/CreateOriginalVoucherDialog.tsx,108,Native Button,[Icon/Unknown],-,-,🔵 回调函数
src/pages/archives/CreateOriginalVoucherDialog.tsx,179,Native Button,[Icon/Unknown],-,-,🔵 回调函数
src/pages/archives/CreateOriginalVoucherDialog.tsx,201,Native Button,[Icon/Unknown],-,-,🔵 导航
src/pages/archives/CreateOriginalVoucherDialog.tsx,210,Native Button,[Icon/Unknown],originalVoucherApi.create,OriginalVoucherController.create,✅ 完整
src/pages/archives/CreateOriginalVoucherDialog.tsx,217,Native Button,[Icon/Unknown],-,-,🔵 回调函数
src/pages/archives/AddRecordModal.tsx,41,Native Button,[Icon/Unknown],-,-,🔵 回调函数
src/pages/archives/AddRecordModal.tsx,55,Native Button,取消,-,-,🔵 回调函数
src/pages/archives/AddRecordModal.tsx,56,Native Button,确认,-,-,🔵 回调函数
src/pages/archives/components/VoucherUploadButton.tsx,46,Native Button,[Icon/Unknown],-,-,🔵 回调函数
src/pages/archives/components/VoucherExportButton.tsx,24,Native Button,[Icon/Unknown],archivesApi.exportAipPackage,ArchiveExportController.downloadAipPackage,✅ 完整
src/pages/archives/MatchPreviewModal.tsx,52,Native Button,[Icon/Unknown],-,-,🔵 回调函数
src/pages/archives/MatchPreviewModal.tsx,116,Native Button,取消,-,-,🔵 回调函数
src/pages/archives/MatchPreviewModal.tsx,117,Native Button,[Icon/Unknown],matchingApi.confirmMatch,❌ VoucherMatchingController缺少confirm,❌ 缺失后端
src/pages/archives/ArchiveListView.tsx,254,Native Button,[Icon/Unknown],-,-,🔵 UI操作
src/pages/archives/ArchiveListView.tsx,283,Native Button,[Icon/Unknown],-,-,🔵 打开对话框
src/pages/archives/ArchiveListView.tsx,330,Native Button,[Icon/Unknown],-,-,🔵 打开对话框
src/pages/archives/ArchiveListView.tsx,337,Native Button,[Icon/Unknown],-,-,🔵 打开对话框
src/pages/archives/ArchiveListView.tsx,360,Native Button,[Icon/Unknown],-,-,🔵 UI操作
src/pages/archives/ArchiveListView.tsx,364,Native Button,[Icon/Unknown],-,-,⚠️ 未实现-导出CSV
src/pages/archives/ArchiveListView.tsx,369,Native Button,[Icon/Unknown],-,-,🔵 导航
src/pages/archives/ArchiveListView.tsx,388,Native Button,[Icon/Unknown],-,-,⚠️ 未实现-提交归档
src/pages/archives/ArchiveListView.tsx,392,Native Button,导出所选,-,-,⚠️ 未实现
src/pages/archives/ArchiveListView.tsx,394,Native Button,批量删除,-,-,⚠️ 未实现
src/pages/archives/ArchiveListView.tsx,493,Native Button,[Icon/Unknown],-,-,🔵 UI操作
src/pages/archives/ArchiveListView.tsx,500,Native Button,[Icon/Unknown],-,-,🔵 UI操作
src/pages/archives/ArchiveListView.tsx,551,Native Button,[Icon/Unknown],-,-,🔵 打开对话框
src/pages/archives/ArchiveListView.tsx,588,Native Button,取消,-,-,🔵 回调函数
src/pages/archives/ArchiveListView.tsx,589,Native Button,[Icon/Unknown],-,-,⚠️ 未实现-提交归档
src/pages/archives/ArchiveListView.tsx,610,Native Button,[Icon/Unknown],-,-,🔵 打开对话框
src/pages/archives/ArchiveListView.tsx,660,Native Button,[Icon/Unknown],-,-,🔵 UI操作
src/pages/archives/ArchiveListView.tsx,670,Native Button,[Icon/Unknown],-,-,🔵 UI操作
src/pages/archives/RuleConfigModal.tsx,40,Native Button,[Icon/Unknown],-,-,🔵 回调函数
src/pages/archives/RuleConfigModal.tsx,67,Native Button,取消,-,-,🔵 回调函数
src/pages/archives/RuleConfigModal.tsx,68,Native Button,保存并运行,-,-,🔵 回调函数
src/pages/archives/LinkModal.tsx,115,Native Button,[Icon/Unknown],-,-,🔵 回调函数
src/pages/archives/LinkModal.tsx,137,Native Button,[Icon/Unknown],-,-,🔵 回调函数
src/pages/archives/LinkModal.tsx,144,Native Button,[Icon/Unknown],-,-,🔵 回调函数
src/pages/archives/LinkModal.tsx,271,Native Button,[Icon/Unknown],-,-,🔵 回调函数
src/pages/archives/LinkModal.tsx,277,Native Button,[Icon/Unknown],-,-,🔵 回调函数
src/pages/archives/FinancialReportDetailDrawer.tsx,208,Native Button,[Icon/Unknown],-,-,🔵 回调函数
src/pages/archives/ComplianceModal.tsx,166,Native Button,[Icon/Unknown],-,-,🔵 回调函数
src/pages/archives/ComplianceModal.tsx,179,Native Button,重试,-,-,🔵 回调函数
src/pages/archives/ComplianceModal.tsx,246,Native Button,确定,-,-,🔵 回调函数
src/pages/archives/ArchiveDetailDrawer.tsx,213,AntD Button,[Icon/Unknown],yonsuiteApi.queryVoucherAttachments,GenericYonSuiteController,✅ 完整
src/pages/archives/ArchiveDetailDrawer.tsx,237,AntD Button,[Icon/Unknown],yonsuiteApi.queryVoucherAttachments,GenericYonSuiteController,✅ 完整
src/pages/archives/ArchiveDetailDrawer.tsx,269,AntD Button,[Icon/Unknown],-,-,⚠️ 未实现-下载
src/pages/archives/ArchiveDetailDrawer.tsx,318,Native Button,[Icon/Unknown],-,-,🔵 导航
src/pages/archives/ArchiveDetailDrawer.tsx,326,Native Button,[Icon/Unknown],archivesApi.exportAipPackage,ArchiveExportController.downloadAipPackage,✅ 完整
src/pages/scan/MobileUploadPage.tsx,112,AntD Button,[Icon/Unknown],-,-,🔵 照片选择器
src/pages/scan/MobileUploadPage.tsx,116,AntD Button,[Icon/Unknown],-,-,🔵 相机
src/pages/operations/DestructionApprovalPage.tsx,291,Native Button,[Icon/Unknown],destructionApi.approveDestruction,DestructionController.approveDestruction,✅ 完整
src/pages/operations/DestructionApprovalPage.tsx,324,Native Button,[Icon/Unknown],destructionApi.batchApprove,❌ DestructionController缺少batch-approve,❌ 缺失后端
src/pages/operations/DestructionApprovalPage.tsx,367,Native Button,[Icon/Unknown],destructionApi.batchReject,❌ DestructionController缺少batch-reject,❌ 缺失后端
src/pages/operations/DestructionApprovalPage.tsx,375,Native Button,[Icon/Unknown],-,-,🔵 打开对话框
src/pages/operations/DestructionApprovalPage.tsx,395,Native Button,[Icon/Unknown],-,-,🔵 UI操作
src/pages/operations/DestructionApprovalPage.tsx,402,Native Button,[Icon/Unknown],-,-,🔵 UI操作
src/pages/operations/DestructionApprovalPage.tsx,449,Native Button,[Icon/Unknown],destructionApi.approveDestruction,DestructionController.approveDestruction,✅ 完整
src/pages/operations/DestructionApprovalPage.tsx,467,Native Button,[Icon/Unknown],-,-,🔵 分页
src/pages/operations/OpenAppraisalView.tsx,167,Native Button,[Icon/Unknown],openAppraisalApi.getAppraisalList,OpenAppraisalController.getAppraisalList,✅ 完整
src/pages/operations/OpenAppraisalView.tsx,222,Native Button,[Icon/Unknown],-,-,🔵 打开对话框
src/pages/operations/OpenAppraisalView.tsx,291,Native Button,[Icon/Unknown],-,-,🔵 打开对话框
src/pages/operations/OpenAppraisalView.tsx,376,Native Button,[Icon/Unknown],openAppraisalApi.submitAppraisal,OpenAppraisalController.submitAppraisal,✅ 完整
src/pages/operations/OpenAppraisalView.tsx,387,Native Button,[Icon/Unknown],-,-,🔵 UI操作
src/pages/operations/VolumeManagement.tsx,267,Native Button,[Icon/Unknown],volumeApi.getVolumeList,VolumeController.getVolumeList,✅ 完整
src/pages/operations/VolumeManagement.tsx,274,Native Button,[Icon/Unknown],volumeApi.assembleByMonth,VolumeController.assembleByMonth,✅ 完整
src/pages/operations/VolumeManagement.tsx,323,Native Button,[Icon/Unknown],volumeApi.submitForReview,VolumeController.submitForReview,✅ 完整
src/pages/operations/VolumeManagement.tsx,332,Native Button,[Icon/Unknown],volumeApi.approveArchival,VolumeController.approveArchival,✅ 完整
src/pages/operations/VolumeManagement.tsx,338,Native Button,[Icon/Unknown],volumeApi.rejectArchival,VolumeController.rejectArchival,✅ 完整
src/pages/operations/VolumeManagement.tsx,348,Native Button,[Icon/Unknown],volumeApi.getRegistrationForm,VolumeController.getRegistrationForm,✅ 完整
src/pages/operations/VolumeManagement.tsx,354,Native Button,[Icon/Unknown],volumeApi.exportAipPackage,VolumeController.exportAipPackage,✅ 完整
src/pages/operations/VolumeManagement.tsx,442,Native Button,[Icon/Unknown],-,-,🔵 打开对话框
src/pages/operations/VolumeManagement.tsx,448,Native Button,[Icon/Unknown],-,-,🔵 打开对话框
src/pages/operations/VolumeManagement.tsx,535,Native Button,[Icon/Unknown],-,-,🔵 回调函数
src/pages/operations/FreezeHoldDetailPage.tsx,120,Native Button,[Icon/Unknown],freezeHoldApi.getDetail,❌ FreezeHoldController不存在,❌ 缺失后端
src/pages/operations/FreezeHoldDetailPage.tsx,135,Native Button,[Icon/Unknown],-,-,🔵 打开对话框
src/pages/operations/FreezeHoldDetailPage.tsx,280,Native Button,[Icon/Unknown],freezeHoldApi.release,❌ FreezeHoldController不存在,❌ 缺失后端
src/pages/operations/FreezeHoldDetailPage.tsx,307,Native Button,[Icon/Unknown],-,-,🔵 UI操作
src/pages/operations/FreezeHoldDetailPage.tsx,319,Native Button,[Icon/Unknown],-,-,🔵 UI操作
src/pages/operations/DestructionView.tsx,150,Native Button,[Icon/Unknown],destructionApi.getDestructions,DestructionController.getDestructions,✅ 完整
src/pages/operations/DestructionView.tsx,156,Native Button,[Icon/Unknown],statsApi.getDestructionStats,DestructionController.getStats,✅ 完整
src/pages/operations/DestructionView.tsx,172,Native Button,[Icon/Unknown],destructionApi.getExpiredArchives,ArchiveOperationController.listExpired,✅ 完整
src/pages/operations/DestructionView.tsx,175,Native Button,[Icon/Unknown],-,-,🔵 打开对话框
src/pages/operations/DestructionView.tsx,274,Native Button,[Icon/Unknown],destructionApi.executeDestruction,DestructionController.executeDestruction,✅ 完整
src/pages/operations/DestructionView.tsx,281,Native Button,[Icon/Unknown],-,-,🔵 UI操作
src/pages/operations/FreezeHoldPage.tsx,162,Native Button,[Icon/Unknown],freezeHoldApi.list,❌ FreezeHoldController不存在,❌ 缺失后端
src/pages/operations/FreezeHoldPage.tsx,210,Native Button,[Icon/Unknown],-,-,🔵 打开对话框
src/pages/operations/FreezeHoldPage.tsx,274,Native Button,[Icon/Unknown],freezeHoldApi.getDetail,❌ FreezeHoldController不存在,❌ 缺失后端
src/pages/operations/FreezeHoldPage.tsx,282,Native Button,[Icon/Unknown],freezeHoldApi.release,❌ FreezeHoldController不存在,❌ 缺失后端
src/pages/operations/FreezeHoldPage.tsx,305,Native Button,[Icon/Unknown],-,-,🔵 UI操作
src/pages/operations/FreezeHoldPage.tsx,312,Native Button,[Icon/Unknown],-,-,🔵 打开对话框
src/pages/operations/FreezeHoldPage.tsx,331,Native Button,[Icon/Unknown],-,-,🔵 打开对话框
src/pages/operations/FreezeHoldPage.tsx,417,Native Button,[Icon/Unknown],freezeHoldApi.apply,❌ FreezeHoldController不存在,❌ 缺失后端
src/pages/operations/FreezeHoldPage.tsx,429,Native Button,[Icon/Unknown],-,-,🔵 UI操作
src/pages/operations/FreezeHoldPage.tsx,447,Native Button,[Icon/Unknown],-,-,🔵 UI操作
src/pages/operations/FreezeHoldPage.tsx,474,Native Button,[Icon/Unknown],-,-,🔵 分页
src/pages/operations/FreezeHoldPage.tsx,486,Native Button,[Icon/Unknown],-,-,🔵 分页
src/pages/operations/ArchiveApprovalView.tsx,325,Native Button,[Icon/Unknown],archiveApprovalApi.rejectArchive,ArchiveApprovalController.rejectArchive,✅ 完整
src/pages/operations/ArchiveApprovalView.tsx,409,Native Button,[Icon/Unknown],archiveApprovalApi.approveArchive,ArchiveApprovalController.approveArchive,✅ 完整
src/pages/operations/ArchiveApprovalView.tsx,564,Native Button,[Icon/Unknown],archiveApprovalApi.batchApprove,ArchiveApprovalController.batchApprove,✅ 完整
src/pages/operations/ArchiveApprovalView.tsx,576,Native Button,[Icon/Unknown],archiveApprovalApi.batchReject,ArchiveApprovalController.batchReject,✅ 完整
src/pages/operations/ArchiveApprovalView.tsx,583,Native Button,[Icon/Unknown],-,-,🔵 UI操作
src/pages/operations/AppraisalListPage.tsx,141,Native Button,[Icon/Unknown],destructionApi.getAppraisalLists,❌ AppraisalListController不存在,❌ 缺失后端
src/pages/operations/AppraisalListPage.tsx,190,Native Button,[Icon/Unknown],destructionApi.getAppraisalListDetail,❌ AppraisalListController不存在,❌ 缺失后端
src/pages/operations/AppraisalListPage.tsx,197,Native Button,[Icon/Unknown],destructionApi.exportAppraisalList,❌ AppraisalListController不存在,❌ 缺失后端
src/pages/operations/AppraisalListPage.tsx,204,Native Button,[Icon/Unknown],destructionApi.exportAppraisalList,❌ AppraisalListController不存在,❌ 缺失后端
src/pages/operations/AppraisalListPage.tsx,223,Native Button,[Icon/Unknown],destructionApi.generateAppraisalList,❌ AppraisalListController不存在,❌ 缺失后端
src/pages/operations/AppraisalListPage.tsx,230,Native Button,[Icon/Unknown],-,-,🔵 UI操作
src/pages/operations/AppraisalListPage.tsx,249,Native Button,[Icon/Unknown],destructionApi.exportAppraisalList,❌ AppraisalListController不存在,❌ 缺失后端
src/pages/operations/AppraisalListPage.tsx,286,Native Button,[Icon/Unknown],destructionApi.exportAppraisalList,❌ AppraisalListController不存在,❌ 缺失后端
src/pages/operations/AppraisalListPage.tsx,293,Native Button,[Icon/Unknown],destructionApi.exportAppraisalList,❌ AppraisalListController不存在,❌ 缺失后端
src/pages/operations/ExpiredArchivesPage.tsx,155,Native Button,[Icon/Unknown],destructionApi.getExpiredArchives,ArchiveOperationController.listExpired,✅ 完整
src/pages/operations/ExpiredArchivesPage.tsx,168,Native Button,[Icon/Unknown],destructionApi.getDestructions,DestructionController.getDestructions,✅ 完整
src/pages/operations/ExpiredArchivesPage.tsx,182,Native Button,[Icon/Unknown],destructionApi.getDestructions,DestructionController.getDestructions,✅ 完整
src/pages/operations/ExpiredArchivesPage.tsx,222,Native Button,[Icon/Unknown],destructionApi.generateAppraisalList,❌ AppraisalListController不存在,❌ 缺失后端
src/pages/operations/ExpiredArchivesPage.tsx,249,Native Button,[Icon/Unknown],-,-,🔵 分页
src/pages/operations/ExpiredArchivesPage.tsx,256,Native Button,[Icon/Unknown],-,-,🔵 分页
src/pages/operations/archive-batch/components/BatchTable.tsx,245,AntD Button,[Icon/Unknown],archiveBatchApi.submitBatch,ArchiveSubmitBatchController.submitBatch,✅ 完整
src/pages/operations/archive-batch/components/BatchTable.tsx,254,AntD Button,[Icon/Unknown],archiveBatchApi.executeBatchArchive,ArchiveSubmitBatchController.executeBatchArchive,✅ 完整
src/pages/operations/archive-batch/components/BatchTable.tsx,265,AntD Button,[Icon/Unknown],-,-,⚠️ 未实现-导出所选
src/pages/operations/archive-batch/components/BatchTable.tsx,272,AntD Button,[Icon/Unknown],-,-,🔵 UI操作
src/pages/operations/archive-batch/components/BatchTable.tsx,280,AntD Button,[Icon/Unknown],archiveBatchApi.runIntegrityCheck,ArchiveSubmitBatchController.runIntegrityCheck,✅ 完整
src/pages/operations/archive-batch/components/BatchTable.tsx,296,AntD Button,[Icon/Unknown],archiveBatchApi.approveBatch,ArchiveSubmitBatchController.approveBatch,✅ 完整
src/pages/operations/archive-batch/components/BatchTable.tsx,362,AntD Button,[Icon/Unknown],archiveBatchApi.rejectBatch,ArchiveSubmitBatchController.rejectBatch,✅ 完整
src/pages/operations/archive-batch/components/BatchTable.tsx,365,AntD Button,[Icon/Unknown],-,-,🔵 回调函数
src/pages/operations/archive-batch/components/BatchTable.tsx,477,AntD Button,[Icon/Unknown],-,-,🔵 回调函数
src/pages/operations/archive-batch/components/BatchTable.tsx,531,AntD Button,[Icon/Unknown],-,-,🔵 回调函数
src/pages/operations/DestructionExecutionPage.tsx,110,Native Button,[Icon/Unknown],destructionApi.getDestructions,DestructionController.getDestructions,✅ 完整
src/pages/operations/DestructionExecutionPage.tsx,170,Native Button,[Icon/Unknown],-,-,🔵 分页
src/pages/operations/DestructionExecutionPage.tsx,200,Native Button,[Icon/Unknown],destructionApi.executeDestruction,DestructionController.executeDestruction,✅ 完整
src/pages/operations/DestructionExecutionPage.tsx,207,Native Button,[Icon/Unknown],-,-,🔵 UI操作
src/pages/product-website/blog/SingleSetImplementation.tsx,66,Native Button,[Icon/Unknown],-,-,🔵 外部链接
src/pages/product-website/components/ProductShowcaseSection.tsx,80,Native Button,[Icon/Unknown],-,-,🔵 锚点跳转
src/pages/product-website/components/ProductShowcaseSection.tsx,197,Native Button,[Icon/Unknown],-,-,🔵 锚点跳转
src/pages/product-website/components/ProductShowcaseSection.tsx,229,Native Button,[Icon/Unknown],-,-,🔵 锚点跳转
src/pages/product-website/components/ProductShowcaseSection.tsx,232,Native Button,[Icon/Unknown],-,-,🔵 锚点跳转
src/pages/product-website/components/ProductShowcaseSection.tsx,261,Native Button,[Icon/Unknown],-,-,🔵 锚点跳转
src/pages/product-website/components/ProductShowcaseSection.tsx,282,Native Button,[Icon/Unknown],-,-,🔵 锚点跳转
src/pages/product-website/components/Footer.tsx,39,Native Button,[Icon/Unknown],-,-,🔵 外部链接
src/pages/product-website/components/HeroSection.tsx,63,Native Button,[Icon/Unknown],-,-,🔵 锚点跳转
src/pages/product-website/components/Navigation.tsx,38,Native Button,[Icon/Unknown],-,-,🔵 导航
src/pages/product-website/components/ConsultationModal.tsx,51,Native Button,[Icon/Unknown],-,-,🔵 tel:链接
src/pages/product-website/regulations/index.tsx,122,Native Button,[Icon/Unknown],-,-,🔵 外部链接
src/pages/product-website/regulations/index.tsx,151,Native Button,[Icon/Unknown],-,-,🔵 外部链接
src/pages/audit/AuditVerificationPage.tsx,281,Native Button,[Icon/Unknown],auditVerificationApi.verifySingle,AuditLogVerificationController.verifySingleLog,✅ 完整
src/pages/audit/AuditVerificationPage.tsx,291,Native Button,[Icon/Unknown],auditVerificationApi.verifyChainByIds,AuditLogVerificationController.verifyChainByLogIds,✅ 完整
src/pages/audit/AuditVerificationPage.tsx,301,Native Button,[Icon/Unknown],auditVerificationApi.verifyChain,AuditLogVerificationController.verifyChain,✅ 完整
src/pages/audit/AuditVerificationPage.tsx,311,Native Button,[Icon/Unknown],auditVerificationApi.sampleVerify,AuditLogVerificationController.sampleVerify,✅ 完整
src/pages/audit/AuditVerificationPage.tsx,341,Native Button,[Icon/Unknown],auditVerificationApi.verifySingle,AuditLogVerificationController.verifySingleLog,✅ 完整
src/pages/audit/AuditVerificationPage.tsx,370,Native Button,[Icon/Unknown],auditVerificationApi.verifyChainByIds,AuditLogVerificationController.verifyChainByLogIds,✅ 完整
src/pages/audit/AuditVerificationPage.tsx,426,Native Button,[Icon/Unknown],auditVerificationApi.verifyChain,AuditLogVerificationController.verifyChain,✅ 完整
src/pages/audit/AuditVerificationPage.tsx,483,Native Button,[Icon/Unknown],auditVerificationApi.sampleVerify,AuditLogVerificationController.sampleVerify,✅ 完整
src/pages/audit/AuditEvidencePackagePage.tsx,217,Native Button,[Icon/Unknown],auditEvidenceApi.generate,AuditLogVerificationController.generateEvidencePackage,✅ 完整
src/pages/utilization/WarehouseView.tsx,134,Native Button,[Icon/Unknown],warehouseApi.sendCommand,WarehouseController.sendCommand,✅ 完整
src/pages/utilization/WarehouseView.tsx,142,Native Button,[Icon/Unknown],warehouseApi.sendCommand,WarehouseController.sendCommand,✅ 完整
src/pages/utilization/WarehouseView.tsx,149,Native Button,[Icon/Unknown],warehouseApi.sendCommand,WarehouseController.sendCommand,✅ 完整
src/pages/utilization/WarehouseView.tsx,226,Native Button,[Icon/Unknown],warehouseApi.getEnvironmentData,WarehouseController.getEnvironmentData,✅ 完整
src/pages/utilization/WarehouseView.tsx,348,Native Button,[Icon/Unknown],-,-,🔵 导航
src/pages/utilization/BorrowingView.tsx,297,Native Button,[Icon/Unknown],-,-,🔵 客户端导出
src/pages/utilization/BorrowingView.tsx,303,Native Button,[Icon/Unknown],-,-,🔵 客户端导出
src/pages/utilization/BorrowingView.tsx,309,Native Button,[Icon/Unknown],borrowingApi.createBorrowing,BorrowRequestController.submit,✅ 完整
src/pages/utilization/BorrowingView.tsx,331,Native Button,[Icon/Unknown],-,-,🔵 打开对话框
src/pages/utilization/BorrowingView.tsx,346,Native Button,[Icon/Unknown],borrowingApi.list,BorrowRequestController.list,✅ 完整
src/pages/utilization/BorrowingView.tsx,364,Native Button,[Icon/Unknown],borrowingApi.list,BorrowRequestController.list,✅ 完整
src/pages/utilization/BorrowingView.tsx,401,Native Button,[Icon/Unknown],-,-,🔵 UI操作
src/pages/utilization/BorrowingView.tsx,438,Native Button,[Icon/Unknown],borrowingApi.approveBorrowing,BorrowRequestController.approve,✅ 完整
src/pages/utilization/BorrowingView.tsx,445,Native Button,[Icon/Unknown],borrowingApi.approveBorrowing,BorrowRequestController.approve,✅ 完整
src/pages/utilization/BorrowingView.tsx,452,Native Button,[Icon/Unknown],borrowingApi.cancelBorrowing,❌ BorrowRequestController缺少cancel,❌ 缺失后端
src/pages/utilization/BorrowingView.tsx,462,Native Button,[Icon/Unknown],borrowingApi.userReturnArchive,BorrowRequestController.returnArchives,✅ 完整
src/pages/utilization/BorrowingView.tsx,499,Native Button,[Icon/Unknown],-,-,🔵 打开对话框
src/pages/utilization/BorrowingView.tsx,509,Native Button,[Icon/Unknown],borrowingApi.createBorrowing,BorrowRequestController.submit,✅ 完整
src/pages/utilization/BorrowingView.tsx,528,Native Button,[Icon/Unknown],-,-,🔵 分页
src/pages/utilization/BorrowingView.tsx,568,Native Button,[Icon/Unknown],-,-,🔵 分页
src/pages/utilization/BorrowingView.tsx,574,Native Button,[Icon/Unknown],-,-,🔵 分页
src/pages/utilization/RelationshipQueryView.tsx,52,Native Button,[Icon/Unknown],relationApi.getRelationGraph,RelationController.getRelationGraph,✅ 完整
src/pages/utilization/RelationshipQueryView.tsx,72,Native Button,[Icon/Unknown],relationApi.getRelationGraph,RelationController.getRelationGraph,✅ 完整
src/pages/utilization/RelationshipQueryView.tsx,543,Native Button,[Icon/Unknown],-,-,🔵 客户端打印
src/pages/utilization/RelationshipQueryView.tsx,557,Native Button,[Icon/Unknown],-,-,🔵 UI操作
src/pages/panorama/VoucherPreviewDrawer.tsx,143,AntD Button,[Icon/Unknown],-,-,🔵 UI操作
src/pages/panorama/VoucherPreviewDrawer.tsx,200,AntD Button,[Icon/Unknown],-,-,🔵 UI操作
src/pages/panorama/VoucherPreviewDrawer.tsx,261,AntD Button,[Icon/Unknown],-,-,🔵 UI操作
src/pages/panorama/VoucherPreviewDrawer.tsx,295,AntD Button,[Icon/Unknown],-,-,🔵 回调函数
src/pages/panorama/ArchivalPanoramaView.tsx,276,Native Button,[Icon/Unknown],-,-,🔵 UI操作
src/pages/panorama/ArchivalPanoramaView.tsx,302,Native Button,[Icon/Unknown],-,-,🔵 UI操作
src/pages/panorama/ArchivalPanoramaView.tsx,312,Native Button,[Icon/Unknown],-,-,🔵 UI操作
src/pages/panorama/ArchivalPanoramaView.tsx,352,AntD Button,[Icon/Unknown],yonsuiteApi.queryVoucherAttachments,GenericYonSuiteController,✅ 完整
src/pages/panorama/VoucherPlayer.tsx,93,Native Button,[Icon/Unknown],-,-,🔵 UI操作
src/pages/panorama/VoucherPlayer.tsx,134,Native Button,[Icon/Unknown],-,-,🔵 UI操作
src/pages/panorama/VoucherPlayer.tsx,156,Native Button,[Icon/Unknown],-,-,🔵 UI操作
src/pages/panorama/EvidencePreview.tsx,354,Native Button,[Icon/Unknown],-,-,🔵 回调函数
src/pages/panorama/EvidencePreview.tsx,388,Native Button,关闭,-,-,🔵 回调函数
src/pages/panorama/EvidencePreview.tsx,396,Native Button,[Icon/Unknown],-,-,🔵 回调函数
src/pages/debug/PaymentFileTestView.tsx,87,Native Button,[Icon/Unknown],-,-,🔵 调试操作
src/pages/debug/PreviewWatermarkTestView.tsx,22,Native Button,[Icon/Unknown],-,-,🔵 调试操作
